Artigo,Item,Texto_Regra,Parent_Art,Tem_Multa,Assunto_Bruto,Texto_Limpo,Cluster_ID,Categoria_NLP
Art. 1º,,"- Será regido o  RESIDENCIAL VORAUS I pela convenção, por este regulamento int erno, pelas  disposições da Lei",Art. 1º,NÃO,A Classificar (NLP),regido residencial voraus i convenção regulamento int erno disposições lei,4,Condominos | Visitantes | Todos | Todos Condominos | Pessoas
Art. 1º,4.591,"de 16/12/64, pela Lei nº 1648 (do  silêncio), cujo estrito cumprimento está  obrigado todos os condôminos.      CAPÍTULO 2 – FUNCIONAMENTO",Art. 1º,NÃO,A Classificar (NLP),lei nº silêncio cujo estrito cumprimento obrigado todos condôminos capítulo – funcionamento,4,Condominos | Visitantes | Todos | Todos Condominos | Pessoas
Art. 2º,,- Não comprometer a integridade e segurança dos demais condôminos;,Art. 2º,NÃO,A Classificar (NLP),comprometer integridade segurança demais condôminos,4,Condominos | Visitantes | Todos | Todos Condominos | Pessoas
Art. 3º,,"- Não é permitida entrada, sem camisa, trajes de banho pelo hall social.",Art. 3º,NÃO,A Classificar (NLP),permitida entrada camisa trajes banho hall social,6,Entrada | Social | Banho | Trajes | Hall
Art. 3º,3.1,"Não é permitido fumar cigarros, cigarrilhas, charutos, ou qualquer outro produto    fumígeno, derivado ou não do tabaco (incluindo narguilé que é um aparelho para fumar)  nas   áreas comuns do edifício, cobertas ou descobertas.",Art. 3º,NÃO,A Classificar (NLP),permitido fumar cigarros cigarrilhas charutos qualquer outro produto fumígeno derivado tabaco incluindo narguilé aparelho fumar áreas comuns edifício cobertas descobertas,0,Permitido | Areas | Agua | Areas Comuns | Piscina
Art. 3º,3.2,"Entrada e saída de condôminos, visitantes e prestadores de serviço poderão ser feitas pela   portaria identificando-se.",Art. 3º,NÃO,A Classificar (NLP),entrada saída condôminos visitantes prestadores serviço poderão feitas portaria identificandose,4,Condominos | Visitantes | Todos | Todos Condominos | Pessoas
Art. 3º,3.3,"A entrada de pessoas não residentes no Edifício, só pode se efetivar após sua identificação,   informação de seu destino ao porteiro e com autorização da unidade a ser  visitada.   CONVENÇÃO/CLÁUSULA 11º/ REG. INTERNO/ITEM 3",Art. 3º,NÃO,A Classificar (NLP),entrada pessoas residentes edifício pode efetivar após identificação informação destino porteiro autorização unidade visitada convençãocláusula º reg internoitem,3,Reg Internoitem | Reg | Convencaoclausula Reg | Internoitem | Convencaoclausula
Art. 3º,3.4,"Os condôminos não deverão permitir que removendo poeira, areia ou sujeira de tapetes   e cortinas, haja evolução para o exterior, atingindo outras unidades, e não estender roupa,   tapetes, toalhas ou qualquer peço nos parapeitos das janelas ou em qualquer outro local visível   ao exterior. CONVENÇÃO/CLÁUSULA 11º/ REG. INTERNO/ITEM 11",Art. 3º,NÃO,A Classificar (NLP),condôminos deverão permitir removendo poeira areia sujeira tapetes cortinas evolução exterior atingindo outras unidades estender roupa tapetes toalhas qualquer peço parapeitos janelas qualquer outro local visível exterior convençãocláusula º reg internoitem,3,Reg Internoitem | Reg | Convencaoclausula Reg | Internoitem | Convencaoclausula
Art. 3º,3.5,"Os condôminos não deverão lançar, nem permitir que sejam lançados, ainda que por ação   ou omissão culposa, qualquer objeto para o exterior das unidades autônomas, bem como  é   expressamente vedado lançar das unidades autônomas ou das partes comuns do condomínio   fogos de artificio. CONVENÇÃO/CLÁUSULA 11º/ REG. INTERNO/ITEM 12          RUA PERU, Nº. 276 – GUILHERMINA – PRAIA GRANDE – SP – CEP. 11702-250    Página3 de 14",Art. 3º,NÃO,A Classificar (NLP),condôminos deverão lançar permitir lançados ainda ação omissão culposa qualquer objeto exterior unidades autônomas bem expressamente vedado lançar unidades autônomas partes comuns condomínio fogos artificio convençãocláusula º reg internoitem rua peru nº – guilhermina – praia grande – sp – cep página,1,Cep | Cep Pagina | Sp Cep | Sp | Grande
Art. 4º,,"- O Edifício se destina a fins residenciais, sendo proibido seu uso no todo ou  em parte para  exploração de qualquer ramo de atividade comercial, industrial, religioso,  ou mesmo sem fins  lucrativos.",Art. 4º,NÃO,A Classificar (NLP),edifício destina fins residenciais sendo proibido uso todo parte exploração qualquer ramo atividade comercial industrial religioso fins lucrativos,0,Permitido | Areas | Agua | Areas Comuns | Piscina
Art. 5º,,"- Mudanças, transportes de móveis, e reformas, que provoquem atividades ruidosas, devem se  realizar somente nos dias úteis, das 08: 00 as 17:30 . Aos sábados só  serão permitidas pequenas  reformas/obras das 10:00 as 16:00hs.",Art. 5º,NÃO,A Classificar (NLP),mudanças transportes móveis reformas provoquem atividades ruidosas devem realizar somente dias úteis sábados permitidas pequenas reformasobras hs,5,Condominio | Devem | Danos | Piscina | Garagem
Art. 6º,,- O Lixo deve ser acondicionado em sacos plástico e será transportado pelo elevador de serviço  para lixeira. CONVENÇÃO/CLÁUSULA 11º/ REG. INTERNO/ITEM 13,Art. 6º,NÃO,A Classificar (NLP),lixo deve acondicionado sacos plástico transportado elevador serviço lixeira convençãocláusula º reg internoitem,3,Reg Internoitem | Reg | Convencaoclausula Reg | Internoitem | Convencaoclausula
Art. 7º,,"- Ao voltar da praia, os banhistas devem entrar pelo subsolo, fazer a  higienização e secagem  dos pés não comprometendo assim, a limpeza do condomínio.",Art. 7º,NÃO,A Classificar (NLP),voltar praia banhistas devem entrar subsolo fazer higienização secagem pés comprometendo assim limpeza condomínio,5,Condominio | Devem | Danos | Piscina | Garagem
Art. 8º,,"- Os Danos e/ou prejuízos causados ao condomínio, inclusive no que diz respeito ao aumento  das despesas por atividades particulares é de exclusiva responsabilidade do condômino causador.",Art. 8º,NÃO,A Classificar (NLP),danos eou prejuízos causados condomínio inclusive diz respeito aumento despesas atividades particulares exclusiva responsabilidade condômino causador,5,Condominio | Devem | Danos | Piscina | Garagem
Art. 9º,,"- Ao alugar ou ceder à unida de, os ocupantes, devem apresentar Autorização padronizada,  devidamente preenchida com nome completo e RG de todos os ocupantes, devendo respeitar o limite  de pessoas: 06 (seis) para os apartamentos de 02 (dois) dormitórios; 10 (dez) para os apartamentos de  03 (três) dormitórios e 15 (quinze) para a cobertura nº 161 que possui 04 (quatro) dormitó rios.  Considerando inclusive crianças acima de 01 (um) ano de idade.  CONVENÇÃO/CLÁUSULA 11º/REG.  INTERNO/ITEM 5    CAPÍTULO 3 – HORÁRIOS",Art. 9º,NÃO,A Classificar (NLP),alugar ceder unida ocupantes devem apresentar autorização padronizada devidamente preenchida nome completo rg todos ocupantes devendo respeitar limite pessoas seis apartamentos dois dormitórios dez apartamentos três dormitórios quinze cobertura nº possui quatro dormitó rios considerando inclusive crianças acima ano idade convençãocláusula ºreg internoitem capítulo – horários,3,Reg Internoitem | Reg | Convencaoclausula Reg | Internoitem | Convencaoclausula
Art. 10º,,"- O horário de silêncio é das 22:00 as 08:00 horas e deve ser cumprido por  todos os  condôminos, moradores e visitantes, jamais produzindo ruí dos ou sons que possam perturbar o  sossego e o bem dos demais habitantes do Condomínio.",Art. 10º,NÃO,A Classificar (NLP),horário silêncio horas deve cumprido todos condôminos moradores visitantes jamais produzindo ruí sons possam perturbar sossego bem demais habitantes condomínio,4,Condominos | Visitantes | Todos | Todos Condominos | Pessoas
Art. 10º,10.1,"Em qualquer horário, o uso de aparelhos ou instrumentos que produzam som,  deverá   ser feito de modo que não perturbe os vizinhos.",Art. 10º,NÃO,A Classificar (NLP),qualquer horário uso aparelhos instrumentos produzam som deverá feito modo perturbe vizinhos,7,Devera | Utilizacao | Horario | Horario Utilizacao | Apos
Art. 10º,10.2,"O uso de furadeiras, só será permitido de segunda a sexta -feira no horário das 08:00 as   17:00 horas  de segunda a sábado . Aos domingos e feriados é proibido. Em situações de   emergência o síndico deve ser comunicado.                     RUA PERU, Nº. 276 – GUILHERMINA – PRAIA GRANDE – SP – CEP. 11702-250    Página4 de 14    CAPÍTULO 4 – REFORMAS",Art. 10º,NÃO,A Classificar (NLP),uso furadeiras permitido segunda sexta feira horário horas segunda sábado domingos feriados proibido situações emergência síndico deve comunicado rua peru nº – guilhermina – praia grande – sp – cep página capítulo – reformas,1,Cep | Cep Pagina | Sp Cep | Sp | Grande
Art. 11º,,"- Em caso de “reformas” que não seja apenas pintura ou troca de piso, é necessária a entrega  ao síndico, antes de iniciar a obra, requerimento especificando os  serviços a serem realizadas,  devidamente assinadas por um profissional responsável, engenheiro, arquiteto, com “ART.” Específica  sobre a matéria. A documentação será encaminhada para construtora e após análise será dado o aceite  ou não, somente após esta análise, em caso de resposta positiva, poderá iniciar a obra. Se as obras se  iniciarem sem autorização da construtora, esta  poderá ser embargada judicialmente, respondendo o  condômino pelo ônus e despesas judiciais. NÃO REALIZAR OBRAS QUE COMPROMETAM A SEGURANÇA  DA EDIFICAÇÃO.",Art. 11º,NÃO,A Classificar (NLP),caso “reformas” apenas pintura troca piso necessária entrega síndico antes iniciar obra requerimento especificando serviços serem realizadas devidamente assinadas profissional responsável engenheiro arquiteto “art” específica sobre matéria documentação encaminhada construtora após análise dado aceite somente após análise caso resposta positiva poderá iniciar obra obras iniciarem autorização construtora poderá embargada judicialmente respondendo condômino ônus despesas judiciais realizar obras comprometam segurança edificação,7,Devera | Utilizacao | Horario | Horario Utilizacao | Apos
Art. 11º,11.1,Todo entulho proveniente das obras deve ser retirado do apartamento em sacos   hermeticamente fechados e retirados imediatamente do Edifício por conta exclusiva do   condômino proprietário ou locatário.,Art. 11º,NÃO,A Classificar (NLP),todo entulho proveniente obras deve retirado apartamento sacos hermeticamente fechados retirados imediatamente edifício conta exclusiva condômino proprietário locatário,5,Condominio | Devem | Danos | Piscina | Garagem
Art. 11º,11.2,"A entrada de areia, cal, cimento e/ou qualquer material para reforma dos apartamentos   devem ser ensacados para não sujar as áreas comuns.",Art. 11º,NÃO,A Classificar (NLP),entrada areia cal cimento eou qualquer material reforma apartamentos devem ensacados sujar áreas comuns,0,Permitido | Areas | Agua | Areas Comuns | Piscina
Art. 11º,11.3,"A entrada e saída dos materiais citados acima, devem ser efetuadas pelo portão da    garagem e/ou subsolo;    CAPÍTULO 5 – GARAGEM",Art. 11º,NÃO,A Classificar (NLP),entrada saída materiais citados acima devem efetuadas portão garagem eou subsolo capítulo – garagem,5,Condominio | Devem | Danos | Piscina | Garagem
Art. 12º,,"- A garagem do edifício destina-se exclusivamente a guarda de veículos de pequeno e médio  porte, pertencentes aos condôminos, familiares e/ou convidados, os  quais devem estar devidamente  estacionados em suas vagas.",Art. 12º,NÃO,A Classificar (NLP),garagem edifício destinase exclusivamente guarda veículos pequeno médio porte pertencentes condôminos familiares eou convidados quais devem devidamente estacionados vagas,5,Condominio | Devem | Danos | Piscina | Garagem
Art. 12º,12.1,"Forma de proporção da garagem: As unidades de final 01 terão direito a 02 (duas) vagas   na garagem demarcada; Unidades de finais 02, 04 e 05, terão direito a 02 (duas) vagas na    garagem coletiva; Unidades de finais 03 terão direito a 01 (uma) vaga da garagem coletiva;    Cobertura 161 terá direito de 0 4 (quatro) vagas da garagem demarcada; Cobertura 162 terá   direito de 03 (três) vagas da garagem demarcada.",Art. 12º,NÃO,A Classificar (NLP),forma proporção garagem unidades final direito duas vagas garagem demarcada unidades finais direito duas vagas garagem coletiva unidades finais direito vaga garagem coletiva cobertura direito quatro vagas garagem demarcada cobertura direito três vagas garagem demarcada,5,Condominio | Devem | Danos | Piscina | Garagem
Art. 12º,12.2,"No caso de locação de apartamento, o locatário tem os mesmos direitos e    responsabilidade pelo uso da garagem. O uso do crachá é obrigatório.",Art. 12º,NÃO,A Classificar (NLP),caso locação apartamento locatário mesmos direitos responsabilidade uso garagem uso crachá obrigatório,2,Caso | Multa | Condominio | Responsavel | Uso
Art. 12º,12.3,"É obrigatório manter velocidade compatível 10km/h, tanto dentro, como no  acesso da   garagem.",Art. 12º,NÃO,A Classificar (NLP),obrigatório manter velocidade compatível kmh tanto dentro acesso garagem,2,Caso | Multa | Condominio | Responsavel | Uso
Art. 12º,12.4,"Nas dependências da garagem é proibido fazer consertos, lavagens, experimentos  de   buzinas, rádios, motores, bater tapetes ou estofamentos. Nos casos de emergência, os reparos   devem ser apenas aqueles necessários para a retirada do veículo. CONVENÇÃO",Art. 12º,NÃO,A Classificar (NLP),dependências garagem proibido fazer consertos lavagens experimentos buzinas rádios motores bater tapetes estofamentos casos emergência reparos devem apenas necessários retirada veículo convenção,5,Condominio | Devem | Danos | Piscina | Garagem
ART. 6º,,"RUA PERU, Nº. 276 – GUILHERMINA – PRAIA GRANDE – SP – CEP. 11702-250    Página5 de 14",ART. 6º,NÃO,A Classificar (NLP),rua peru nº – guilhermina – praia grande – sp – cep página,1,Cep | Cep Pagina | Sp Cep | Sp | Grande
ART. 6º,12.5,"O condomínio não é responsável por danos, furtos, roubos de veículos ou seus pertences.   Os atos de vandalismo ocorrido nas dependências das garagens serão avaliados pelas câmeras,   aqueles que foram constatados a autoria, o autor será responsável pelos danos.",ART. 6º,NÃO,A Classificar (NLP),condomínio responsável danos furtos roubos veículos pertences atos vandalismo ocorrido dependências garagens avaliados câmeras constatados autoria autor responsável danos,5,Condominio | Devem | Danos | Piscina | Garagem
ART. 6º,12.6,"E expressamente proibido o uso da garagem para qualquer tipo de jogo ou lazer,  tanto   de adultos como de crianças, para fazer co nsertos, pinturas ou para guarda d e móveis,   máquinas, pneus, ferramentas, entre outros.",ART. 6º,NÃO,A Classificar (NLP),expressamente proibido uso garagem qualquer tipo jogo lazer tanto adultos crianças fazer co nsertos pinturas guarda d móveis máquinas pneus ferramentas outros,5,Condominio | Devem | Danos | Piscina | Garagem
ART. 6º,12.7,"Danos causados por um veículo a outro, serão de inteira responsabilidade do proprietário   causador, devendo este ressarcir o prejuízo conforme acordo entre as partes envolvidas.",ART. 6º,NÃO,A Classificar (NLP),danos causados veículo outro inteira responsabilidade proprietário causador devendo ressarcir prejuízo conforme acordo partes envolvidas,5,Condominio | Devem | Danos | Piscina | Garagem
ART. 6º,12.8,"Não é permitido ingresso na garagem com som alto e de veículos que apresentem    anormalidades tais como: queima de óleo, vazamentos, freios com defeitos,  escapamento   abertos e outras que venham a ser prejudiciais ao condomínio.",ART. 6º,NÃO,A Classificar (NLP),permitido ingresso garagem som alto veículos apresentem anormalidades tais queima óleo vazamentos freios defeitos escapamento abertos outras venham prejudiciais condomínio,2,Caso | Multa | Condominio | Responsavel | Uso
ART. 6º,12.9,"As vagas não poderão ser alienadas, alugadas, emprestadas, ou de qualquer modo   cedidas, sob quaisquer hipóteses, a pessoas estranhas ao condomínio. CONVENÇÃO",ART. 6º,NÃO,A Classificar (NLP),vagas poderão alienadas alugadas emprestadas qualquer modo cedidas sob quaisquer hipóteses pessoas estranhas condomínio convenção,5,Condominio | Devem | Danos | Piscina | Garagem
ART. 6º,,/§   ÚNICO,ART. 6º,NÃO,A Classificar (NLP),§ único,5,Condominio | Devem | Danos | Piscina | Garagem
ART. 6º,12.1,O uso da garagem deve ser feito de forma a não prejudicar os demais condôminos.   CONVENÇÃO/CLÁUSULA 11º/ REG. INTERNO/ITEM 6     CAPÍTULO 6 – SALÃO DE FESTAS,ART. 6º,NÃO,A Classificar (NLP),uso garagem deve feito forma prejudicar demais condôminos convençãocláusula º reg internoitem capítulo – salão festas,3,Reg Internoitem | Reg | Convencaoclausula Reg | Internoitem | Convencaoclausula
Art. 13º,,"- A reserva do salão de festas deve ser agendada na portaria do condomínio preenchendo o  formulário especifico,  devendo o requisitante entregar a lista de seus convidados , com 48hs de  antecedência. Ficará o condomínio responsável pela limpeza do local, para tanto, fica ainda  convencionada a taxa de utilização no valor 15% do salário mínimo vigente, a ser incluso ao boleto da  taxa condominial. Em caso de desistência do uso, deverá ser comunica do com antecedência mínima  de 03 dias, caso contrário, a cobrança será efetuada ainda que não haja  utilização, a título de multa .  ATA AGE 21/05/2022/ASSUNTOS GERAIS",Art. 13º,SIM,A Classificar (NLP),reserva salão festas deve agendada portaria condomínio preenchendo formulário especifico devendo requisitante entregar lista convidados hs antecedência ficará condomínio responsável limpeza local tanto fica ainda convencionada taxa utilização valor salário mínimo vigente incluso boleto taxa condominial caso desistência uso deverá comunica antecedência mínima dias caso contrário cobrança efetuada ainda utilização título multa ata age assuntos gerais,2,Caso | Multa | Condominio | Responsavel | Uso
Art. 13º,13.1,"O horário de utilização do salão de festas será d as 08:00 às 24:00 horas, sendo que das   22:00 as 24:00 horas é proibido a utilização de qualquer aparelho sonoro, bem como, promover   atividades ruidosas. Finalizando a Fest a, o condômino deverá trancar  o salão e realizar a   vistoria, junto ao zelador na manhã seguinte. Nas datas: dia de natal,  véspera e ano novo, dia   das mães, dia dos pais, páscoa e carnaval, o condomínio terá preferência para eventos coletivos,   não havendo manifestação de vontade do  condomínio essas datas serão sorteadas entre os   interessados.",Art. 13º,NÃO,A Classificar (NLP),horário utilização salão festas d horas sendo horas proibido utilização qualquer aparelho sonoro bem promover atividades ruidosas finalizando fest condômino deverá trancar salão realizar vistoria junto zelador manhã seguinte datas dia natal véspera ano novo dia mães dia pais páscoa carnaval condomínio preferência eventos coletivos havendo manifestação vontade condomínio datas sorteadas interessados,7,Devera | Utilizacao | Horario | Horario Utilizacao | Apos
Art. 13º,13.2,"Durante o uso do salão de festas, deve sempre prevalecer o bom senso, é permitido usar   piscina de bolinhas e brinquedos similares, desde que, o barulho não perturbe o sossego dos   demais moradores. Não é permito uso de qualquer tipo de fita que danifique a pintura do salão,   eventuais utensílios quebrados ou d anificados serão substituídos pelo condomínio e o valor   reembolsado pelo condômino responsável pela  festa. Valor este que será acrescido no boleto   de condomínio.        RUA PERU, Nº. 276 – GUILHERMINA – PRAIA GRANDE – SP – CEP. 11702-250    Página6 de 14",Art. 13º,NÃO,A Classificar (NLP),durante uso salão festas deve sempre prevalecer bom senso permitido usar piscina bolinhas brinquedos similares desde barulho perturbe sossego demais moradores permito uso qualquer tipo fita danifique pintura salão eventuais utensílios quebrados d anificados substituídos condomínio valor reembolsado condômino responsável festa valor acrescido boleto condomínio rua peru nº – guilhermina – praia grande – sp – cep página,1,Cep | Cep Pagina | Sp Cep | Sp | Grande
Art. 13º,13.3,"Os convidados das comemorações realizadas no salão de festas não poderão  circular   livremente pelas dependências do condomínio, sendo de exclusiva  responsabilidade do   condômino e/ou proprietário ações dos mesmos, inclusive evitando  acidentes, o condomínio   não se responsabiliza por ocorrências e acidentes no evento.    CAPÍTULO 7 – PISCINA",Art. 13º,NÃO,A Classificar (NLP),convidados comemorações realizadas salão festas poderão circular livremente dependências condomínio sendo exclusiva responsabilidade condômino eou proprietário ações mesmos inclusive evitando acidentes condomínio responsabiliza ocorrências acidentes evento capítulo – piscina,5,Condominio | Devem | Danos | Piscina | Garagem
Art. 14º,,"- O horário da piscina é das 08:00 As 22:00hs., observando os dias e horários de manutenção  que serão previamente avisados. A piscina é de uso exclusivo dos  condôminos, seus familiares e  visitantes, limitando-se a 06 (seis) pessoas por proprietário, acompanhados do mesmo.",Art. 14º,NÃO,A Classificar (NLP),horário piscina hs observando dias horários manutenção previamente avisados piscina uso exclusivo condôminos familiares visitantes limitandose seis pessoas proprietário acompanhados,4,Condominos | Visitantes | Todos | Todos Condominos | Pessoas
Art. 14º,14.1,"Não é permitido levar bebidas ou alimentos para área da piscina, exceto água em    recipiente transparente.",Art. 14º,NÃO,A Classificar (NLP),permitido levar bebidas alimentos área piscina exceto água recipiente transparente,0,Permitido | Areas | Agua | Areas Comuns | Piscina
Art. 14º,14.2,É obrigatório passar pela ducha antes de entrar na piscina.,Art. 14º,NÃO,A Classificar (NLP),obrigatório passar ducha antes entrar piscina,5,Condominio | Devem | Danos | Piscina | Garagem
Art. 14º,14.3,"É terminantemente proibido o uso de óleos, inclusive bronzeadores, cremes de cabelo e   hidratantes a quem entrar na piscina.",Art. 14º,NÃO,A Classificar (NLP),terminantemente proibido uso óleos inclusive bronzeadores cremes cabelo hidratantes entrar piscina,5,Condominio | Devem | Danos | Piscina | Garagem
Art. 14º,14.4,"Não é permitido entrar na piscina usando trajes inadequados, tais como,  camisetas,   tênis, etc. (É permitido o uso de camisetas e bermudas, próprias para o banho).",Art. 14º,NÃO,A Classificar (NLP),permitido entrar piscina usando trajes inadequados tais camisetas tênis etc permitido uso camisetas bermudas próprias banho,6,Entrada | Social | Banho | Trajes | Hall
Art. 14º,14.5,"Os proprietários que alugarem seus apartamentos, transferem o direito de uso da    piscina para seus inquilinos titulares, ficando os primeiros impedidos de usá-lo. As pessoas que   alugarem os apartamentos  temporariamente (finais de semana) não  terão direito ao uso da   piscina.",Art. 14º,NÃO,A Classificar (NLP),proprietários alugarem apartamentos transferem direito uso piscina inquilinos titulares ficando primeiros impedidos usálo pessoas alugarem apartamentos temporariamente finais semana direito uso piscina,2,Caso | Multa | Condominio | Responsavel | Uso
Art. 14º,14.6,"Empregados dos condôminos e do Condomínio não estão autorizados a fazer o  uso da   piscina, inclusive das demais área de lazer.",Art. 14º,NÃO,A Classificar (NLP),empregados condôminos condomínio autorizados fazer uso piscina inclusive demais área lazer,5,Condominio | Devem | Danos | Piscina | Garagem
Art. 14º,14.7,"As condições adequadas de saúde dos usuários, são de responsabilidade dos  mesmos,   não cabendo ao condomínio promover a vigilância sanitária ou de saúde pública.",Art. 14º,NÃO,A Classificar (NLP),condições adequadas saúde usuários responsabilidade mesmos cabendo condomínio promover vigilância sanitária saúde pública,5,Condominio | Devem | Danos | Piscina | Garagem
Art. 14º,14.8,"Por questão de segurança, as crianças menores de 07 (sete) anos, ou as que    independentemente da idade não souberem nadar, deverão estar acompanhadas pelo seu    responsável legal nas dependências da piscina.",Art. 14º,NÃO,A Classificar (NLP),questão segurança crianças menores sete anos independentemente idade souberem nadar deverão acompanhadas responsável legal dependências piscina,5,Condominio | Devem | Danos | Piscina | Garagem
Art. 14º,14.9,"Nas áreas da piscina será permitido uso de boia de braço e macarrão. Não será permitido   nas áreas da piscina e áreas comun s: atos e/ou brincadeiras (jogar ou empurrar  pessoas na   piscina, correrias ao  redor da mesma e outros similares), que  possam colocar em risco a   integridade dos condôminos ou interferir no lazer dos frequentadores.",Art. 14º,NÃO,A Classificar (NLP),áreas piscina permitido uso boia braço macarrão permitido áreas piscina áreas comun s atos eou brincadeiras jogar empurrar pessoas piscina correrias redor mesma outros similares possam colocar risco integridade condôminos interferir lazer frequentadores,0,Permitido | Areas | Agua | Areas Comuns | Piscina
Art. 14º,14.1,"Não proferir palavrões ou usar a  atitudes que caracterizem inadequação social,   colocando em desacordo com as normas de boa convivência.",Art. 14º,NÃO,A Classificar (NLP),proferir palavrões usar atitudes caracterizem inadequação social colocando desacordo normas boa convivência,6,Entrada | Social | Banho | Trajes | Hall
Art. 14º,14.11,"Não será permitido entrar na área da piscina, portadores de doença infectocontagiosa,   lesões de pele, curativos ou gesso (exceto a imobilização plástica resistente a água).",Art. 14º,NÃO,A Classificar (NLP),permitido entrar área piscina portadores doença infectocontagiosa lesões pele curativos gesso exceto imobilização plástica resistente água,0,Permitido | Areas | Agua | Areas Comuns | Piscina
Art. 14º,14.12,"É proibido levar animais de estimação na área da piscina.        RUA PERU, Nº. 276 – GUILHERMINA – PRAIA GRANDE – SP – CEP. 11702-250    Página7 de 14",Art. 14º,NÃO,A Classificar (NLP),proibido levar animais estimação área piscina rua peru nº – guilhermina – praia grande – sp – cep página,1,Cep | Cep Pagina | Sp Cep | Sp | Grande
Art. 14º,14.13,"Não circular em trajes de banho molhado na área social, hall de entrada, salão de jogos   e todas as áreas de lazer.",Art. 14º,NÃO,A Classificar (NLP),circular trajes banho molhado área social hall entrada salão jogos todas áreas lazer,6,Entrada | Social | Banho | Trajes | Hall
Art. 14º,14.14,É proibido levar aparelhos de  som ou instrumentos musicais com ruido ou emissão   sonora que se estenda aos demais usuários.,Art. 14º,NÃO,A Classificar (NLP),proibido levar aparelhos som instrumentos musicais ruido emissão sonora estenda demais usuários,5,Condominio | Devem | Danos | Piscina | Garagem
Art. 14º,14.15,"Os usuários deverão obedecer e fazer cumprir as normas da moral, bons  costumes e   decoro, sendo responsáveis por tudo o que ocorrer, inclusive danos materiais, físicos ou morais;   o condomínio não se responsabilizará por quaisquer tipos de acidentes na área da piscina.",Art. 14º,NÃO,A Classificar (NLP),usuários deverão obedecer fazer cumprir normas moral bons costumes decoro sendo responsáveis tudo ocorrer inclusive danos materiais físicos morais condomínio responsabilizará quaisquer tipos acidentes área piscina,5,Condominio | Devem | Danos | Piscina | Garagem
Art. 14º,14.16,"Os usuários de apartamentos alugados temporariamente ou emprestados, não poderão   se utilizar da piscina.",Art. 14º,NÃO,A Classificar (NLP),usuários apartamentos alugados temporariamente emprestados poderão utilizar piscina,5,Condominio | Devem | Danos | Piscina | Garagem
Art. 14º,14.17,Cada proprietário terá sua chave para entrada na área da piscina.    CAPÍTULO 8 – ÁREAS COMUNS,Art. 14º,NÃO,A Classificar (NLP),cada proprietário chave entrada área piscina capítulo – áreas comuns,0,Permitido | Areas | Agua | Areas Comuns | Piscina
Art. 15º,,"– São vedadas aglomerações políticas, religiosas ou de negócios, sobre tudo no hall e área de  entrada do prédio.",Art. 15º,NÃO,A Classificar (NLP),– vedadas aglomerações políticas religiosas negócios sobre tudo hall área entrada prédio,6,Entrada | Social | Banho | Trajes | Hall
Art. 15º,15.1,"É proibido, nas áreas externas, decorar paredes, portas (exceto  enfeites natalinos) ou   esquadrias externa com adornos ou pinturas em cores diferentes das empregadas no  edifício,   sendo igualmente defeso colocar ou permitir que sejam colocados letreiros, placas, cartazes de   publicidade nas paredes externas das unidades autônomas. As máquinas de ar condicionado   deverão obrigatoriamente estar posicionadas na parte lateral das sacadas.       CONVENÇÃO/CLÁUSULA  11º/ REG. INTERNO/ITEM 14",Art. 15º,NÃO,A Classificar (NLP),proibido áreas externas decorar paredes portas exceto enfeites natalinos esquadrias externa adornos pinturas cores diferentes empregadas edifício sendo igualmente defeso colocar permitir colocados letreiros placas cartazes publicidade paredes externas unidades autônomas máquinas ar condicionado deverão obrigatoriamente posicionadas parte lateral sacadas convençãocláusula º reg internoitem,3,Reg Internoitem | Reg | Convencaoclausula Reg | Internoitem | Convencaoclausula
Art. 15º,15.2,"Após a utilização do carrinho de compra, deverá ser devolvida ao seu local correto, ou   seja, nas garagens.",Art. 15º,NÃO,A Classificar (NLP),após utilização carrinho compra deverá devolvida local correto garagens,7,Devera | Utilizacao | Horario | Horario Utilizacao | Apos
Art. 15º,15.3,"É proibido atirar fósforos, pontas de cigarro, detritos ou quaisquer objetos pelas portas   janelas e varandas, bem como nas áreas de serviço, elevadores e demais partes  comuns do   Prédio.",Art. 15º,NÃO,A Classificar (NLP),proibido atirar fósforos pontas cigarro detritos quaisquer objetos portas janelas varandas bem áreas serviço elevadores demais partes comuns prédio,3,Reg Internoitem | Reg | Convencaoclausula Reg | Internoitem | Convencaoclausula
Art. 15º,15.4,As portas corta-fogo deverão ser mantidas fechadas.,Art. 15º,NÃO,A Classificar (NLP),portas cortafogo deverão mantidas fechadas,2,Caso | Multa | Condominio | Responsavel | Uso
Art. 15º,15.5,É permitido a colocação de fechadura eletrônica nas partes de entrada das unidades.,Art. 15º,NÃO,A Classificar (NLP),permitido colocação fechadura eletrônica partes entrada unidades,6,Entrada | Social | Banho | Trajes | Hall
Art. 15º,15.6,É proibido mudar o modelo e a cor das portas de entrada das unidades.,Art. 15º,NÃO,A Classificar (NLP),proibido mudar modelo cor portas entrada unidades,6,Entrada | Social | Banho | Trajes | Hall
Art. 15º,15.7,A porta de acesso ao condomínio deverá ser mantida sempre fechada.   CONVENÇÃO/CLÁUSULA 11º/ REG. INTERNO/ITEM 4,Art. 15º,NÃO,A Classificar (NLP),porta acesso condomínio deverá mantida sempre fechada convençãocláusula º reg internoitem,3,Reg Internoitem | Reg | Convencaoclausula Reg | Internoitem | Convencaoclausula
Art. 15º,15.8,"É vedada a presença de crianças na garagem do condomíni o, bem como trânsito de   bicicletas, patinetes, skates ou qualquer tipo de jogo ou brinquedos com adultos e/ou crianças   nas partes e áreas comuns do condomínio, exceto nas áreas destinadas a este fim, deliberadas   em assembleia geral. CONVENÇÃO/CLÁUSULA 11º/ REG. INTERNO/ITEM 7            RUA PERU, Nº. 276 – GUILHERMINA – PRAIA GRANDE – SP – CEP. 11702-250    Página8 de 14    CAPÍTULO 9 – ELEVADORES",Art. 15º,NÃO,A Classificar (NLP),vedada presença crianças garagem condomíni bem trânsito bicicletas patinetes skates qualquer tipo jogo brinquedos adultos eou crianças partes áreas comuns condomínio exceto áreas destinadas fim deliberadas assembleia geral convençãocláusula º reg internoitem rua peru nº – guilhermina – praia grande – sp – cep página capítulo – elevadores,1,Cep | Cep Pagina | Sp Cep | Sp | Grande
Art. 16º,,"- É proibido utilizar o elevador social quando em trajes de banho, sem camisa,  ou de prática  de esportes, bem como, transportar bagagem, carga, objetos volumosos, equipamentos esportivos,  bicicletas, veículos infantis e animais.",Art. 16º,NÃO,A Classificar (NLP),proibido utilizar elevador social trajes banho camisa prática esportes bem transportar bagagem carga objetos volumosos equipamentos esportivos bicicletas veículos infantis animais,6,Entrada | Social | Banho | Trajes | Hall
Art. 16º,16.1,"E proibido o uso dos elevadores por crianças menores de  08 anos, desacompanhadas   (Lei Municipal 1838 de  09/05/2017).",Art. 16º,NÃO,A Classificar (NLP),proibido uso elevadores crianças menores anos desacompanhadas lei municipal,5,Condominio | Devem | Danos | Piscina | Garagem
Art. 16º,16.2,"É proibido manter as portas dos elevadores abertas além do tempo necessário  para a   entrada e saída de pessoas, exceto em caso de limpeza ou manutenção por  parte das pessoas   credenciadas pela Administração do Condomínio.",Art. 16º,NÃO,A Classificar (NLP),proibido manter portas elevadores abertas além tempo necessário entrada saída pessoas exceto caso limpeza manutenção parte pessoas credenciadas administração condomínio,2,Caso | Multa | Condominio | Responsavel | Uso
Art. 16º,16.3,"As mudanças e/ou entregas que obrigarem a utilização excepcional dos elevadores e das   áreas de acesso e de circulação do Condomínio só poderão ser efetuadas nos dias e dentro dos   horários estipulados para esse fim, ficando essa utilização restrita àquele que atender   diretamente à unidade visada e devendo ser feita  no menor tempo possível, intercalando, se   necessário, viagens de interesse de outros moradores pelo respectivo elevador.",Art. 16º,NÃO,A Classificar (NLP),mudanças eou entregas obrigarem utilização excepcional elevadores áreas acesso circulação condomínio poderão efetuadas dias dentro horários estipulados fim ficando utilização restrita àquele atender diretamente unidade visada devendo feita menor tempo possível intercalando necessário viagens interesse outros moradores respectivo elevador,5,Condominio | Devem | Danos | Piscina | Garagem
Art. 16º,16.5,"Na hipótese de ocorrência de danos aos elevadores e outras partes comuns do    condomínio, durante a mudança, fica o condômino ou inquilino, proprietário dos  objetos   transportados, responsável perante o condomínio pelo custeio dos reparos necessários.    CAPÍTULO 10 – SALÃO DE JOGOS",Art. 16º,NÃO,A Classificar (NLP),hipótese ocorrência danos elevadores outras partes comuns condomínio durante mudança fica condômino inquilino proprietário objetos transportados responsável perante condomínio custeio reparos necessários capítulo – salão jogos,5,Condominio | Devem | Danos | Piscina | Garagem
Art. 17º,,"– O jogo de bilhar e expressamente proibido a menores de 16 anos a não ser  com a presença  dos pais, que são totalmente responsáveis por quaisquer danos, inclusive os de ordem legal.",Art. 17º,NÃO,A Classificar (NLP),– jogo bilhar expressamente proibido menores anos presença pais totalmente responsáveis quaisquer danos inclusive ordem legal,5,Condominio | Devem | Danos | Piscina | Garagem
Art. 17º,17.1,O horário de utilização do salão é das 09:00 as 22:00hs.,Art. 17º,NÃO,A Classificar (NLP),horário utilização salão hs,7,Devera | Utilizacao | Horario | Horario Utilizacao | Apos
Art. 17º,17.2,"A responsabilidade por danos que ocorrem é dos participantes que provocarem,  dos   quais o Condomínio deverá cobrar os devidos reembolsos pelos reparos.",Art. 17º,NÃO,A Classificar (NLP),responsabilidade danos ocorrem participantes provocarem quais condomínio deverá cobrar devidos reembolsos reparos,7,Devera | Utilizacao | Horario | Horario Utilizacao | Apos
Art. 17º,17.3,"As chaves ficarão na portaria. O morador interessado em utilizar o local deverá retirar as   chaves na portaria, ficando responsável pelo bom uso dos equipamentos. No  caso de   rotatividade de proprietários a portaria deverá ser informada para que faça a  baixa do   proprietário que está deixando o l ocal, com hora de saída e o regis tro de entrada do novo   proprietário.",Art. 17º,NÃO,A Classificar (NLP),chaves ficarão portaria morador interessado utilizar local deverá retirar chaves portaria ficando responsável bom uso equipamentos caso rotatividade proprietários portaria deverá informada faça baixa proprietário deixando l ocal hora saída regis tro entrada novo proprietário,7,Devera | Utilizacao | Horario | Horario Utilizacao | Apos
Art. 17º,17.4,"Não é permitido fumar cigarros, cigarrilhas, charutos, ou qualquer outro produto    fumígeno, derivado ou não do tabaco, incluindo narguilé.          RUA PERU, Nº. 276 – GUILHERMINA – PRAIA GRANDE – SP – CEP. 11702-250    Página9 de 14    CAPÍTULO 11 – BRINQUEDOTECA",Art. 17º,NÃO,A Classificar (NLP),permitido fumar cigarros cigarrilhas charutos qualquer outro produto fumígeno derivado tabaco incluindo narguilé rua peru nº – guilhermina – praia grande – sp – cep página capítulo – brinquedoteca,1,Cep | Cep Pagina | Sp Cep | Sp | Grande
Art. 17º,18.1,"A responsabilidade por danos em qualquer aparelho é d o condômino causador, ou seu   responsável, do qual (is) o Condomínio deverá cobrar os devidos reembolsos pelos reparos.",Art. 17º,NÃO,A Classificar (NLP),responsabilidade danos qualquer aparelho d condômino causador responsável is condomínio deverá cobrar devidos reembolsos reparos,7,Devera | Utilizacao | Horario | Horario Utilizacao | Apos
Art. 17º,18.2,O horário de utilização do salão é das 09:00 às 22:00hs.,Art. 17º,NÃO,A Classificar (NLP),horário utilização salão hs,7,Devera | Utilizacao | Horario | Horario Utilizacao | Apos
Art. 17º,18.3,"O uso da brinquedoteca é exclusivo dos condôminos, familiares e visitantes, limitando-se   a 03 pessoas, desde que acompanhados dos condôminos/proprietários.",Art. 17º,NÃO,A Classificar (NLP),uso brinquedoteca exclusivo condôminos familiares visitantes limitandose pessoas desde acompanhados condôminosproprietários,4,Condominos | Visitantes | Todos | Todos Condominos | Pessoas
Art. 17º,18.4,"Crianças de tenra idade deverão estar acompanhadas de um responsável, neste local será   permitida permanência de babás.",Art. 17º,NÃO,A Classificar (NLP),crianças tenra idade deverão acompanhadas responsável neste local permitida permanência babás,6,Entrada | Social | Banho | Trajes | Hall
Art. 17º,18.5,"As chaves ficarão na portaria. O morador interessado em utilizar o local deverá retirar as   chaves na portaria, ficando responsável pelo bom uso dos eq uipamentos. No  caso de   rotatividade de proprietários a portaria deverá ser informada para que faça a  baixa do   proprietário que está dei xando o local, com hora de saída e registro de entrada do novo   proprietário.    CAPÍTULO 12 – ACADEMIA",Art. 17º,NÃO,A Classificar (NLP),chaves ficarão portaria morador interessado utilizar local deverá retirar chaves portaria ficando responsável bom uso eq uipamentos caso rotatividade proprietários portaria deverá informada faça baixa proprietário dei xando local hora saída registro entrada novo proprietário capítulo – academia,7,Devera | Utilizacao | Horario | Horario Utilizacao | Apos
Art. 19,,"- A academia é de uso exclusivo dos condôminos, familiares e visitantes,  limitando-se a 03  pessoas.",Art. 19,NÃO,A Classificar (NLP),academia uso exclusivo condôminos familiares visitantes limitandose pessoas,4,Condominos | Visitantes | Todos | Todos Condominos | Pessoas
Art. 19,19.1,O horário de utilização da academia será das 06:00 AS 24:00 horas.,Art. 19,NÃO,A Classificar (NLP),horário utilização academia horas,7,Devera | Utilizacao | Horario | Horario Utilizacao | Apos
Art. 19,19.2,"Não será permitida utilização dos equipamentos por menores de 18 anos    desacompanhados de seus pais ou maior responsável, salvo se apresentar autorização  por   escrito dos mesmos, onde farão declaração de assumir todas as responsabilidades inerentes.",Art. 19,NÃO,A Classificar (NLP),permitida utilização equipamentos menores anos desacompanhados pais maior responsável salvo apresentar autorização escrito mesmos onde farão declaração assumir todas responsabilidades inerentes,7,Devera | Utilizacao | Horario | Horario Utilizacao | Apos
Art. 19,19.3,"Qualquer equipamento danificado por mau uso deverá ser reparado pelo morador, sem   prejuízo da aplicação das penalidades previstas no Regulamento Interno.",Art. 19,SIM,A Classificar (NLP),qualquer equipamento danificado mau uso deverá reparado morador prejuízo aplicação penalidades previstas regulamento interno,7,Devera | Utilizacao | Horario | Horario Utilizacao | Apos
Art. 19,19.4,"É proibido fumar, portar bebidas, ou comidas nas dependências da academia,  exceto   água em recipiente transparente.",Art. 19,NÃO,A Classificar (NLP),proibido fumar portar bebidas comidas dependências academia exceto água recipiente transparente,0,Permitido | Areas | Agua | Areas Comuns | Piscina
Art. 19,19.5,Cada condômino será responsável em trazer seu profissional para fazer uso do local.,Art. 19,NÃO,A Classificar (NLP),cada condômino responsável trazer profissional fazer uso local,2,Caso | Multa | Condominio | Responsavel | Uso
Art. 19,19.6,"É recomendado que o  condômino, interessado na prática de ginástica ou musculação,   consulte previamente um médico, para avaliação de sua saúde.",Art. 19,NÃO,A Classificar (NLP),recomendado condômino interessado prática ginástica musculação consulte previamente médico avaliação saúde,5,Condominio | Devem | Danos | Piscina | Garagem
Art. 19,19.7,"Não é permitida a utilização em trajes de banho, bem como, prática de  ginástica sem   camisa, descalço ou até mesmo com chinelo de dedos.",Art. 19,NÃO,A Classificar (NLP),permitida utilização trajes banho bem prática ginástica camisa descalço chinelo dedos,6,Entrada | Social | Banho | Trajes | Hall
Art. 19,,".8  - Os usuários de apartamentos alugados temporariamente ou emprestados não    poderão se utilizar da academia.        RUA PERU, Nº. 276 – GUILHERMINA – PRAIA GRANDE – SP – CEP. 11702-250    Página10 de 14    CAPÍTULO 13 – SAUNA",Art. 19,NÃO,A Classificar (NLP),usuários apartamentos alugados temporariamente emprestados poderão utilizar academia rua peru nº – guilhermina – praia grande – sp – cep página capítulo – sauna,1,Cep | Cep Pagina | Sp Cep | Sp | Grande
Art. 20,,"- A sauna é de uso exclusivo dos condôminos, familiares e visitantes, limitando -se a 03 (três)  pessoas.",Art. 20,NÃO,A Classificar (NLP),sauna uso exclusivo condôminos familiares visitantes limitando três pessoas,4,Condominos | Visitantes | Todos | Todos Condominos | Pessoas
Art. 20,20.1,"O horário de utilização da sauna é 09:00 as 22:00 horas, as chaves ficarão na portaria. O   morador interessado em utilizar o local deverá reti rar as chaves na portaria,  ficando   responsável pelo bom uso dos equipamentos. No caso de rotatividade d e proprietários a   portaria deverá ser informada para que faça a baixa do proprietário que  está deixando o local,   com hora de saída e o registro de entrada do novo proprietário.",Art. 20,NÃO,A Classificar (NLP),horário utilização sauna horas chaves ficarão portaria morador interessado utilizar local deverá reti rar chaves portaria ficando responsável bom uso equipamentos caso rotatividade d proprietários portaria deverá informada faça baixa proprietário deixando local hora saída registro entrada novo proprietário,7,Devera | Utilizacao | Horario | Horario Utilizacao | Apos
Art. 20,20.2,"Após a utilização, o morador deverá desligar os equipamentos e de volver a chave  à   portaria, encerrando a sua responsabilidade sobre a mesma.",Art. 20,NÃO,A Classificar (NLP),após utilização morador deverá desligar equipamentos volver chave portaria encerrando responsabilidade sobre mesma,7,Devera | Utilizacao | Horario | Horario Utilizacao | Apos
Art. 20,20.3,"Qualquer equipamento danificado por mau uso, deverá ser reparado pelo morador, sem   prejuízo da aplicação das penalidades previstas no Regulamento Interno.",Art. 20,SIM,A Classificar (NLP),qualquer equipamento danificado mau uso deverá reparado morador prejuízo aplicação penalidades previstas regulamento interno,7,Devera | Utilizacao | Horario | Horario Utilizacao | Apos
Art. 20,20.4,É proibida a utilização da sauna menores de 18 (dezoito) anos desacompanhados de seus   pais ou maior responsável.,Art. 20,NÃO,A Classificar (NLP),proibida utilização sauna menores dezoito anos desacompanhados pais maior responsável,7,Devera | Utilizacao | Horario | Horario Utilizacao | Apos
Art. 20,20.5,"É proibido fumar, portar b ebidas ou comidas nas dependências da sauna,  exceto água   em recipiente transparente.",Art. 20,NÃO,A Classificar (NLP),proibido fumar portar b ebidas comidas dependências sauna exceto água recipiente transparente,0,Permitido | Areas | Agua | Areas Comuns | Piscina
Art. 20,20.6,Os usuários de apartamentos alugados temporariamente ou emprestados não  poderão   se utilizar da sauna.    CAPÍTULO 14 – SEGURANÇA,Art. 20,NÃO,A Classificar (NLP),usuários apartamentos alugados temporariamente emprestados poderão utilizar sauna capítulo – segurança,5,Condominio | Devem | Danos | Piscina | Garagem
Art. 21º,,"– Não é permitido manter ou utilizar botijão de gás, só é permitido uso de fogão  a gás  encanado ou elétrico.",Art. 21º,NÃO,A Classificar (NLP),– permitido manter utilizar botijão gás permitido uso fogão gás encanado elétrico,0,Permitido | Areas | Agua | Areas Comuns | Piscina
Art. 21º,21.1,"Não é permitido guard ar ou depositar em qualquer parte do edifício, explosivos   inflamáveis, agentes químicos, fogos, etc., que possam af etar a saúde,  segurança ou a   tranquilidade dos condôminos.",Art. 21º,NÃO,A Classificar (NLP),permitido guard ar depositar qualquer parte edifício explosivos inflamáveis agentes químicos fogos etc possam af etar saúde segurança tranquilidade condôminos,0,Permitido | Areas | Agua | Areas Comuns | Piscina
Art. 21º,21.2,"O Síndico, pessoalmente ou por meio de seus prepostos, ou empregados do condomínio,   pode a qualquer momento, inquirir os condôminos ou visitantes, a fim de  dirimir dúvidas e   tomar providências que digam respeito a segurança do Edifício e dos seus habitantes. Todas as   ocorrências serão relatadas pelo condômino no livro de  ocorrência que estará na portaria do   condomínio.",Art. 21º,NÃO,A Classificar (NLP),síndico pessoalmente meio prepostos empregados condomínio pode qualquer momento inquirir condôminos visitantes fim dirimir dúvidas tomar providências digam respeito segurança edifício habitantes todas ocorrências relatadas condômino livro ocorrência estará portaria condomínio,4,Condominos | Visitantes | Todos | Todos Condominos | Pessoas
Art. 21º,21.3,"É proibido a qualquer condômino entrar,  desacompanhado de pessoa autorizada, nas   dependências dos equipamentos e instalações do Edifício, tais como: sala de  máquinas dos        RUA PERU, Nº. 276 – GUILHERMINA – PRAIA GRANDE – SP – CEP. 11702-250    Página11 de 14   elevadores, bombas d’água, medidore s de energia elétrica, torre da caixa d’água, antenas e   para raios, guarita da segurança e depósito dos materiais de limpeza, etc.",Art. 21º,NÃO,A Classificar (NLP),proibido qualquer condômino entrar desacompanhado pessoa autorizada dependências equipamentos instalações edifício tais sala máquinas rua peru nº – guilhermina – praia grande – sp – cep página elevadores bombas d’água medidore s energia elétrica torre caixa d’água antenas raios guarita segurança depósito materiais limpeza etc,1,Cep | Cep Pagina | Sp Cep | Sp | Grande
Art. 21º,21.4,"É proibido, fazer em sua propriedade qualquer instalação/modificação que importe  em   sobrecarga ou alteração da estrutura do Edifício, sem apresentação de laudo técnico estrutural   e de segurança e sem autorização do Síndico e demais do corpo Diretivo.",Art. 21º,NÃO,A Classificar (NLP),proibido fazer propriedade qualquer instalaçãomodificação importe sobrecarga alteração estrutura edifício apresentação laudo técnico estrutural segurança autorização síndico demais corpo diretivo,2,Caso | Multa | Condominio | Responsavel | Uso
Art. 21º,21.5,"Os condôminos que se ausentarem deverão deixar endereço, telefone ou outras    informações do local onde o Síndico, Zelador ou Administração do edifício possa obter as chaves   dos apartamentos em caso de emergência, caso contrário, o Síndico ou o  Zelador ficam   autorizados a tomar as devidas providências para ingressar no  apartamento, ciente que as   despesas serão inclusas no boleto de condomínio.",Art. 21º,NÃO,A Classificar (NLP),condôminos ausentarem deverão deixar endereço telefone outras informações local onde síndico zelador administração edifício possa obter chaves apartamentos caso emergência caso contrário síndico zelador ficam autorizados tomar devidas providências ingressar apartamento ciente despesas inclusas boleto condomínio,2,Caso | Multa | Condominio | Responsavel | Uso
Art. 21º,21.6,"Qualquer tipo de proteção, como grade, r ede, tela, blackout e etc., a ser instalada  nas   janelas, áreas de serviço ou sacadas devem obedecer aos  limites internos dos apartamentos,   jamais sendo projetadas para fora desse lim ite, no caso de rede, deve -se obedecer ao padrão   da cor branca.",Art. 21º,NÃO,A Classificar (NLP),qualquer tipo proteção grade r ede tela blackout etc instalada janelas áreas serviço sacadas devem obedecer limites internos apartamentos jamais sendo projetadas desse lim ite caso rede deve obedecer padrão cor branca,3,Reg Internoitem | Reg | Convencaoclausula Reg | Internoitem | Convencaoclausula
Art. 21º,21.7,"A lavagem de janelas, vidraças e parapeitos, no lado externo ou mesmo no lado interno,   de modo que possa molhar outros apartamentos, é extremamente proibida. O  infrator deve   pagar a multa e reembolsar as despesas com a limpeza das partes alheias atingidas.",Art. 21º,SIM,A Classificar (NLP),lavagem janelas vidraças parapeitos lado externo lado interno modo possa molhar outros apartamentos extremamente proibida infrator deve pagar multa reembolsar despesas limpeza partes alheias atingidas,2,Caso | Multa | Condominio | Responsavel | Uso
Art. 21º,21.8,"Envidraçamento da sacada é permitido somente por inteiro, não sendo permitido  o   envidraçamento em uma parte da sacada. O vidro deverá ser padrão da cor verde. É necessária   a entrega ao síndico, antes de iniciar o envidraçamento, requerimento especificando os serviços   a serem realizadas, devidamente assinadas por um  profissional responsável, engenheiro,   arquiteto, com “ART.” Específica sobre a matéria.  A documentação será encaminhada para   construtora e após análise será dado o aceite ou não, somente após esta análise, em caso de   resposta positiva, poderá iniciar a instalação. Se iniciarem sem autorização da construtora, esta   poderá ser embargada judicialmente,  respondendo o condômino pelo ônus e despesas   judiciais.",Art. 21º,NÃO,A Classificar (NLP),envidraçamento sacada permitido somente inteiro sendo permitido envidraçamento parte sacada vidro deverá padrão cor verde necessária entrega síndico antes iniciar envidraçamento requerimento especificando serviços serem realizadas devidamente assinadas profissional responsável engenheiro arquiteto “art” específica sobre matéria documentação encaminhada construtora após análise dado aceite somente após análise caso resposta positiva poderá iniciar instalação iniciarem autorização construtora poderá embargada judicialmente respondendo condômino ônus despesas judiciais,7,Devera | Utilizacao | Horario | Horario Utilizacao | Apos
Art. 21º,21.9,"Com relação a instalação de Ar condicionado, as máquinas de ar condicionado   deverão obrigatoriamente estar posicionadas na parte lateral das sacadas.",Art. 21º,NÃO,A Classificar (NLP),relação instalação ar condicionado máquinas ar condicionado deverão obrigatoriamente posicionadas parte lateral sacadas,2,Caso | Multa | Condominio | Responsavel | Uso
Art. 21º,21.1,"Os condôminos deverão usar suas respectivas unidades autônomas de acordo com a   finalidade a que se destinam, e as partes e coisas comuns, sem ca usarem dano, incomodo,   obstáculo ou embaraço aos demais e sem que o uso prejudique ou afete a segurança e a solidez   do prédio. CONVENÇÃO/CLÁUSULA 11º/ REG. INTERNO/ITEM 9",Art. 21º,NÃO,A Classificar (NLP),condôminos deverão usar respectivas unidades autônomas acordo finalidade destinam partes coisas comuns ca usarem dano incomodo obstáculo embaraço demais uso prejudique afete segurança solidez prédio convençãocláusula º reg internoitem,3,Reg Internoitem | Reg | Convencaoclausula Reg | Internoitem | Convencaoclausula
Art. 21º,21.11,"Os condôminos deverão zelar com todo o empenho pela manutenção e conservação   do patrimônio comum, indenizando prontamente os prejuízos de que forem causadores por   dolo ou culpa, ação ou omissão, e não usar a respectiva unidade autônoma para atividades   ruidosas e nem cede-la ou loca-la a pessoas de maus hábitos e costumes. CONVENÇÃO/CLÁUSULA   11º/ REG. INTERNO/ITEM 10              RUA PERU, Nº. 276 – GUILHERMINA – PRAIA GRANDE – SP – CEP. 11702-250    Página12 de 14    CAPÍTULO 15 – EMPREGADOS",Art. 21º,NÃO,A Classificar (NLP),condôminos deverão zelar todo empenho manutenção conservação patrimônio comum indenizando prontamente prejuízos causadores dolo culpa ação omissão usar respectiva unidade autônoma atividades ruidosas cedela locala pessoas maus hábitos costumes convençãocláusula º reg internoitem rua peru nº – guilhermina – praia grande – sp – cep página capítulo – empregados,1,Cep | Cep Pagina | Sp Cep | Sp | Grande
Art.22º,,"– Compete ao Síndico/zelador, fiscalizar e chefiar os empregados do  Condomínio, com a  finalidade de que os serviços a eles designados, a incumbência de  manter a ordem no Edifício e a  segurança geral, sejam executados plena e satisfatoriamente.",Art.22º,NÃO,A Classificar (NLP),– compete síndicozelador fiscalizar chefiar empregados condomínio finalidade serviços designados incumbência manter ordem edifício segurança geral executados plena satisfatoriamente,4,Condominos | Visitantes | Todos | Todos Condominos | Pessoas
Art.22º,22.1,"Os condôminos não podem utilizar, para seu uso particular, os serviços dos empregados   do Condomínio, quando estiverem cumprindo horário de trabalho. Os  funcionários ficam   sujeitos a advertências e punições e os condôminos sujeitos a multa.  CONVENÇÃO/CLÁUSULA 11º/   REG. INTERNO/ITEM 1",Art.22º,SIM,A Classificar (NLP),condôminos podem utilizar uso particular serviços empregados condomínio cumprindo horário trabalho funcionários ficam sujeitos advertências punições condôminos sujeitos multa convençãocláusula º reg internoitem,3,Reg Internoitem | Reg | Convencaoclausula Reg | Internoitem | Convencaoclausula
Art.22º,22.2,"O porteiro não poderá se afastar do seu posto salv o em caso de absoluta  emergência,   ainda que seja a convite de condôminos. Fica sujeito a punições.",Art.22º,NÃO,A Classificar (NLP),porteiro poderá afastar posto salv caso absoluta emergência ainda convite condôminos fica sujeito punições,2,Caso | Multa | Condominio | Responsavel | Uso
Art.22º,22.3,"Os funcionários do Condomínio não podem receber ordens ou avisos, diretamente  dos   condôminos. Quando necessários devem ser passados através do Síndico/zelador.",Art.22º,NÃO,A Classificar (NLP),funcionários condomínio podem receber ordens avisos diretamente condôminos necessários devem passados através síndicozelador,5,Condominio | Devem | Danos | Piscina | Garagem
Art.22º,22.4,"Os condôminos, seus convidados e outros visitantes tratarão os empregados do   condomínio com respeito e urbanidade, sendo vedada a utilização destes para serviços   particulares dos condôminos. CONVENÇÃO/CLÁUSULA 11º/ REG. INTERNO/ITEM 1",Art.22º,NÃO,A Classificar (NLP),condôminos convidados outros visitantes tratarão empregados condomínio respeito urbanidade sendo vedada utilização destes serviços particulares condôminos convençãocláusula º reg internoitem,3,Reg Internoitem | Reg | Convencaoclausula Reg | Internoitem | Convencaoclausula
Art.22º,22.5,"Todas as correspondências e volumes entregues ao condomínio pelo correio ou   quaisquer outros meios deverão ser recebidas por um empregado do condomínio ou pelo   próprio zelador, ficando o mesmo incumbido de distribuição aos condôminos destinatários,   entregando-os em suas respectivas unidades autônomas. O zelador deverá recusar ou devolver   aos remetentes as correspondências ou volumes cujos destinatários não mais  façam parte do   condomínio. CONVENÇÃO/CLÁUSULA 11º/ REG. INTERNO/ITEM 2    CAPÍTULO 16 – ANIMAIS DE ESTIMAÇÃO",Art.22º,NÃO,A Classificar (NLP),todas correspondências volumes entregues condomínio correio quaisquer outros meios deverão recebidas empregado condomínio próprio zelador ficando incumbido distribuição condôminos destinatários entregandoos respectivas unidades autônomas zelador deverá recusar devolver remetentes correspondências volumes cujos destinatários façam parte condomínio convençãocláusula º reg internoitem capítulo – animais estimação,3,Reg Internoitem | Reg | Convencaoclausula Reg | Internoitem | Convencaoclausula
Art. 23º,,"- É expressamente proibida a entrada e a permanência de qualquer animal pelo Hall social,  nas áreas comuns, área do estacionamento, área das piscinas etc., os  animais, aves etc. deverão ser   transportados no colo ou em recipientes apropriados , de pequeno porte, preferencialmente no colo,  portes maiores, mesmo que manso, deverá  prevalecer o bom senso e ser transportado sempre com  coleira bem junto ao dono, pelo elevador de serviço.",Art. 23º,NÃO,A Classificar (NLP),expressamente proibida entrada permanência qualquer animal hall social áreas comuns área estacionamento área piscinas etc animais aves etc deverão transportados colo recipientes apropriados pequeno porte preferencialmente colo portes maiores manso deverá prevalecer bom senso transportado sempre coleira bem junto dono elevador serviço,6,Entrada | Social | Banho | Trajes | Hall
Art. 23º,23.1,"Só poderão ser transportados, no máximo, 02 (dois) animais, por vez, isso pelo elevador   de serviço e guardado sempre todo o zelo para que o “animal” não esteja exalando mau cheiro   ou porte qualquer moléstia transmissível. De igual forma, se de  coleira, com espaço restrito   junto ao corpo de seu responsável para evitar qualquer eventual “ataque” indesejável.           RUA PERU, Nº. 276 – GUILHERMINA – PRAIA GRANDE – SP – CEP. 11702-250    Página13 de 14",Art. 23º,NÃO,A Classificar (NLP),poderão transportados máximo dois animais vez elevador serviço guardado sempre todo zelo “animal” exalando mau cheiro porte qualquer moléstia transmissível igual forma coleira espaço restrito junto corpo responsável evitar qualquer eventual “ataque” indesejável rua peru nº – guilhermina – praia grande – sp – cep página,1,Cep | Cep Pagina | Sp Cep | Sp | Grande
Art. 23º,23.2,"Caso o animal, ave e/ou qualquer animal de estimação provoque continuamente barulho,   sujeira, mau cheiro e/ou outras formas de incômodo ao demais moradores,  deverá o seu   possuidor providenciar a retirada imediata e definitiva do animal, ave, etc., do condomínio.",Art. 23º,NÃO,A Classificar (NLP),caso animal ave eou qualquer animal estimação provoque continuamente barulho sujeira mau cheiro eou outras formas incômodo demais moradores deverá possuidor providenciar retirada imediata definitiva animal ave etc condomínio,2,Caso | Multa | Condominio | Responsavel | Uso
Art. 23º,23.3,"Os animais, aves etc., que forem encontrados soltos pelo condomínio serão apreendidos   e o condômino responsável multado. A multa será majorada em caso de reincidência.",Art. 23º,SIM,A Classificar (NLP),animais aves etc encontrados soltos condomínio apreendidos condômino responsável multado multa majorada caso reincidência,2,Caso | Multa | Condominio | Responsavel | Uso
Art. 23º,23.4,"Não será permitida, nem tolerada, mesmo que sem finalidade de comércio, a criação de   animais, aves e quaisquer outros animais de qualquer espécie que, pela quantidade, ruido, odor   e condições de higiene, interfiram no bem estar da vizinhança.",Art. 23º,NÃO,A Classificar (NLP),permitida tolerada finalidade comércio criação animais aves quaisquer outros animais qualquer espécie quantidade ruido odor condições higiene interfiram bem vizinhança,6,Entrada | Social | Banho | Trajes | Hall
Art. 23º,23.5,"Os condôminos que tiverem ou mantiverem animais, aves etc. serão responsáveis  pela   reparação de estragos e danos de qualquer natureza causados pelos mesmos, bem como, pela   imediata remoção de excrementos porventura verificados nas áreas comuns  ou naquela em   que esteja causando odor ou enquadrado em qualquer situação de irregularidade.",Art. 23º,NÃO,A Classificar (NLP),condôminos mantiverem animais aves etc responsáveis reparação estragos danos qualquer natureza causados mesmos bem imediata remoção excrementos porventura verificados áreas comuns naquela causando odor enquadrado qualquer situação irregularidade,0,Permitido | Areas | Agua | Areas Comuns | Piscina
Art. 23º,23.6,"O responsável pelo animal, ave, etc., fica obrigado a exibir, sempre que  solicitado, o   respectivo atestado de vacina e demais documentações exigíveis.     CAPÍTULO 17 - PENALIDADES",Art. 23º,SIM,A Classificar (NLP),responsável animal ave etc fica obrigado exibir sempre solicitado respectivo atestado vacina demais documentações exigíveis capítulo penalidades,2,Caso | Multa | Condominio | Responsavel | Uso
Art.24º,,"- O condômino que violar as disposições contidas neste regulamento (além de ser compelido a  desfazer a obra ou abster -se do ato praticado ou ainda reparar os danos que causar) ficará sujeito a  multa no valor de ½ (meio) salário mínimo federal vigente  na época da infração, após carta de  advertência, duplicando reincidência.",Art.24º,SIM,A Classificar (NLP),condômino violar disposições contidas neste regulamento além compelido desfazer obra abster ato praticado ainda reparar danos causar ficará sujeito multa valor ½ meio salário mínimo federal vigente época infração após carta advertência duplicando reincidência,7,Devera | Utilizacao | Horario | Horario Utilizacao | Apos
Art.24º,24.1,"No caso de infração, considerada grave (mais de uma infração em ato continuo), não será   enviada advertência e sim penalizado diretamente.",Art.24º,SIM,A Classificar (NLP),caso infração considerada grave infração ato continuo enviada advertência sim penalizado diretamente,2,Caso | Multa | Condominio | Responsavel | Uso
Art.24º,24.2,"A multa deve ser cobrada pela Administração e será inclusa no boleto de condomínio no   vencimento posterior a inf ração, facultando ao interessado re correr através de defesa escrita   que será apreciada pelo Sr. Síndico e seus Conselheiros.",Art.24º,SIM,A Classificar (NLP),multa deve cobrada administração inclusa boleto condomínio vencimento posterior inf ração facultando interessado re correr através defesa escrita apreciada sr síndico conselheiros,2,Caso | Multa | Condominio | Responsavel | Uso
Art.24º,24.3,"A imposição de multa será comunicada através de carta ao infrator ou a quem por  ele   responsável, dentro do vínculo de sua r elação, ciente que a defesa escri ta não terá efeito   suspensivo.",Art.24º,SIM,A Classificar (NLP),imposição multa comunicada através carta infrator responsável dentro vínculo r elação ciente defesa escri ta efeito suspensivo,2,Caso | Multa | Condominio | Responsavel | Uso
Art.24º,24.4,O pagamento da multa não exime o infrator de sua responsabilidade civil pelos  danos   causados.,Art.24º,SIM,A Classificar (NLP),pagamento multa exime infrator responsabilidade civil danos causados,7,Devera | Utilizacao | Horario | Horario Utilizacao | Apos
Art.24º,24.5,"Eventuais casos omissos neste regulamento serão resolvidos pelo  corpo diretivo e se   necessário pela Assembleia específica para tal fim.                RUA PERU, Nº. 276 – GUILHERMINA – PRAIA GRANDE – SP – CEP. 11702-250    Página14 de 14    CAPÍTULO 18 – DISPOSIÇÕES FINAIS",Art.24º,NÃO,A Classificar (NLP),eventuais casos omissos neste regulamento resolvidos corpo diretivo necessário assembleia específica tal fim rua peru nº – guilhermina – praia grande – sp – cep página capítulo – disposições finais,1,Cep | Cep Pagina | Sp Cep | Sp | Grande
Art. 25º,,"- Compete a todos os condôminos e empregados, cumprir e fazer cumprir o  presente  Regulamento Interno, levando ao conhecimento do Síndico ou da  Administração, qualquer  transgressão do mesmo, a fim de que as providências devidas sejam tomadas.",Art. 25º,NÃO,A Classificar (NLP),compete todos condôminos empregados cumprir fazer cumprir presente regulamento interno levando conhecimento síndico administração qualquer transgressão fim providências devidas tomadas,4,Condominos | Visitantes | Todos | Todos Condominos | Pessoas
Art. 25º,25.1,"Este Regulamento deve ser rigorosamente obedecido e acatado, por todos condôminos,   visitantes, moradores, seus empregados e pessoas sob sua  responsabilidade, para   tranquilidade, comodidade e segurança geral.",Art. 25º,NÃO,A Classificar (NLP),regulamento deve rigorosamente obedecido acatado todos condôminos visitantes moradores empregados pessoas sob responsabilidade tranquilidade comodidade segurança geral,4,Condominos | Visitantes | Todos | Todos Condominos | Pessoas
Art. 25º,25.2,"Todas as ocorrências, reclamações, sugestões ou outros, devem ser anotados no Livro de   Ocorrências, à disposição na portaria do prédio, para conhecimento do Síndico e Conselheiros.",Art. 25º,NÃO,A Classificar (NLP),todas ocorrências reclamações sugestões outros devem anotados livro ocorrências disposição portaria prédio conhecimento síndico conselheiros,5,Condominio | Devem | Danos | Piscina | Garagem
Art. 25º,25.3,"Os condôminos ou ocupantes a qualquer título, deverão cuidar para que pessoas a eles   vinculadas, procedam, em qualquer local do condomínio, de acordo com as normas da moral e   dos bons costumes, com respeito pelos demais ocupantes do prédio, organ izando sua vida de   modo a não causarem transtornos aos demais condôminos. CONVENÇÃO/CLÁUSULA 11º/ REG.   INTERNO/ITEM 8    NÃO SERÁ ACEITA EM QUALQUER HIPÓTESE, POR QUEM QUER QUE SEJA, ALEGAÇÃO DE  DESCONHECIMENTO DAS NORMAS ESTABELECIDAS NESTE REGULAMENTO, ALÉM DE SER ENVIADO VIA  CORREIO A TODOS OS ENDEREÇOS CONTIDOS NO CADASTRO FICARÁ UMA CÓPIA NA PORTARIA A  DISPOSIÇÃO DE TODOS.",Art. 25º,NÃO,A Classificar (NLP),condôminos ocupantes qualquer título deverão cuidar pessoas vinculadas procedam qualquer local condomínio acordo normas moral bons costumes respeito demais ocupantes prédio organ izando vida modo causarem transtornos demais condôminos convençãocláusula º reg internoitem aceita qualquer hipótese quer alegação desconhecimento normas estabelecidas neste regulamento além enviado via correio todos endereços contidos cadastro ficará cópia portaria disposição todos,4,Condominos | Visitantes | Todos | Todos Condominos | Pessoas
